00009.jpg,"[{""left"": 0.13646666666666665, ""top"": 0.13498220640569394, ""width"": 0.7155333333333334, ""height"": 0.3034519572953737, ""label"": ""Back to"", ""shape"": ""rectangle""}, {""left"": 0.18139999999999998, ""top"": 0.5393594306049823, ""width"": 0.6508222222222222, ""height"": 0.2930249110320285, ""label"": ""School"", ""shape"": ""rectangle""}]",450,281,0.6244444444444445,"Back to
School",Data-sets/En\00009.jpg
00023.jpg,"[{""left"": 0.10382716049382715, ""top"": 0.07674074074074073, ""width"": 0.7759259259259259, ""height"": 0.3528888888888889, ""label"": ""Do you speak"", ""shape"": ""rectangle""}, {""left"": 0.17437037037037037, ""top"": 0.48714814814814816, ""width"": 0.6303209876543209, ""height"": 0.38359259259259254, ""label"": ""spanish ?"", ""shape"": ""rectangle""}]",810,540,0.6666666666666666,"Do you speak
spanish ?",Data-sets/En\00023.jpg
00315.jpg,"[{""left"": 0.054327272727272724, ""top"": 0.21677595628415303, ""width"": 0.9255636363636365, ""height"": 0.6294535519125684, ""label"": ""HELP"", ""shape"": ""rectangle""}]",275,183,0.6654545454545454,HELP,Data-sets/En\00315.jpg
01189.jpg,"[{""left"": 0.18754464285714284, ""top"": 0.37613861386138614, ""width"": 0.6235267857142858, ""height"": 0.3197029702970297, ""label"": ""NAME"", ""shape"": ""rectangle""}]",224,202,0.9017857142857143,NAME,Data-sets/En\01189.jpg
01486.jpg,"[{""left"": 0.17097345132743363, ""top"": 0.17139013452914797, ""width"": 0.28398230088495574, ""height"": 0.12798206278026908, ""label"": ""QUEEN."", ""shape"": ""rectangle""}, {""left"": 0.6031858407079645, ""top"": 0.17699551569506725, ""width"": 0.22185840707964607, ""height"": 0.12475336322869958, ""label"": ""KING"", ""shape"": ""rectangle""}, {""left"": 0.6549557522123894, ""top"": 0.44233183856502245, ""width"": 0.27778761061946905, ""height"": 0.15206278026905834, ""label"": ""KING."", ""shape"": ""rectangle""}, {""left"": 0.12300884955752213, ""top"": 0.5102242152466367, ""width"": 0.34575221238938053, ""height"": 0.15116591928251125, ""label"": ""QUEEN."", ""shape"": ""rectangle""}]",226,223,0.9867256637168141,"QUEEN.
KING
KING.
QUEEN.",Data-sets/En\01486.jpg
01535.jpg,"[{""left"": 0.3602941176470588, ""top"": 0.2233529411764706, ""width"": 0.26882352941176474, ""height"": 0.2667647058823529, ""label"": ""23"", ""shape"": ""rectangle""}, {""left"": 0.3163529411764706, ""top"": 0.7478823529411764, ""width"": 0.37070588235294116, ""height"": 0.19882352941176468, ""label"": ""NAME"", ""shape"": ""rectangle""}]",170,170,1.0,"23
NAME",Data-sets/En\01535.jpg
01713.jpg,"[{""left"": 0.0500139470013947, ""top"": 0.2705439330543933, ""width"": 0.5083821478382148, ""height"": 0.21242677824267786, ""label"": ""Jack"", ""shape"": ""rectangle""}, {""left"": 0.04490934449093445, ""top"": 0.43654114365411434, ""width"": 0.8480195258019525, ""height"": 0.21566248256624826, ""label"": ""Wolfskin"", ""shape"": ""rectangle""}]",717,717,1.0,"Jack
Wolfskin",Data-sets/En\01713.jpg
01720.jpg,"[{""left"": 0.1607109375, ""top"": 0.6309375, ""width"": 0.7741015625, ""height"": 0.16686458333333326, ""label"": ""GreenPark"", ""shape"": ""rectangle""}]",1280,960,0.75,GreenPark,Data-sets/En\01720.jpg
01777.jpg,"[{""left"": 0.021333333333333333, ""top"": 0.265344262295082, ""width"": 0.9393777777777778, ""height"": 0.35013114754098357, ""label"": ""BAZAR"", ""shape"": ""rectangle""}]",450,305,0.6777777777777778,BAZAR,Data-sets/En\01777.jpg
01827.jpg,"[{""left"": 0.224390625, ""top"": 0.2593125, ""width"": 0.32296874999999997, ""height"": 0.2467916666666667, ""label"": ""SHOP"", ""shape"": ""rectangle""}]",640,480,0.75,SHOP,Data-sets/En\01827.jpg
01881.jpg,"[{""left"": 0.17545205479452056, ""top"": 0.6668727272727272, ""width"": 0.7008493150684931, ""height"": 0.2905818181818183, ""label"": ""HYUNDAI"", ""shape"": ""rectangle""}]",730,275,0.3767123287671233,HYUNDAI,Data-sets/En\01881.jpg
01908.jpg,"[{""left"": 0.2271830985915493, ""top"": 0.43708053691275167, ""width"": 0.5434929577464788, ""height"": 0.18285234899328862, ""label"": ""OPEN"", ""shape"": ""rectangle""}]",355,298,0.8394366197183099,OPEN,Data-sets/En\01908.jpg
02687.jpg,"[{""left"": 0.620796875, ""top"": 0.3216783762685402, ""width"": 0.20132291666666666, ""height"": 0.1488758782201405, ""label"": ""STOP"", ""shape"": ""rectangle""}]",1920,1281,0.6671875,STOP,Data-sets/En\02687.jpg
04089.jpg,"[{""left"": 0.38229166666666664, ""top"": 0.5590254237288136, ""width"": 0.24858333333333332, ""height"": 0.11190677966101693, ""label"": ""JAM"", ""shape"": ""rectangle""}]",240,236,0.9833333333333333,JAM,Data-sets/En\04089.jpg
04966.jpg,"[{""left"": 0.14645, ""top"": 0.14035, ""width"": 0.69675, ""height"": 0.667425, ""label"": ""love"", ""shape"": ""rectangle""}]",600,400,0.6666666666666666,love,Data-sets/En\04966.jpg
04970.jpg,"[{""left"": 0.1549266862170088, ""top"": 0.0878623718887262, ""width"": 0.6263929618768328, ""height"": 0.42465592972181554, ""label"": ""Wash"", ""shape"": ""rectangle""}, {""left"": 0.38373411534701857, ""top"": 0.5814494875549048, ""width"": 0.29285434995112414, ""height"": 0.25379209370424605, ""label"": ""me"", ""shape"": ""rectangle""}]",1023,683,0.667644183773216,"Wash
me",Data-sets/En\04970.jpg
04974.jpg,"[{""left"": 0.03403125, ""top"": 0.3347245017584994, ""width"": 0.9102109375000002, ""height"": 0.3347245017584994, ""label"": ""sadness"", ""shape"": ""rectangle""}]",1280,853,0.66640625,sadness,Data-sets/En\04974.jpg
06968.jpg,"[{""left"": 0.32333984375, ""top"": 0.30326171875, ""width"": 0.3576953125, ""height"": 0.40365234375, ""label"": ""A"", ""shape"": ""rectangle""}]",512,512,1.0,A,Data-sets/En\06968.jpg
09166.jpg,"[{""left"": 0.35358620689655174, ""top"": 0.1529310344827586, ""width"": 0.6464137931034483, ""height"": 0.6925862068965517, ""label"": ""HDLT"", ""shape"": ""rectangle""}]",435,116,0.26666666666666666,HDLT,Data-sets/En\09166.jpg
10577.jpg,"[{""left"": 0.20019900497512438, ""top"": 0.07191235059760956, ""width"": 0.5477611940298507, ""height"": 0.8492828685258964, ""label"": ""N"", ""shape"": ""rectangle""}]",201,251,1.2487562189054726,N,Data-sets/En\10577.jpg
10776.jpg,"[{""left"": 0.0663157894736842, ""top"": 0.021990950226244345, ""width"": 0.8396929824561403, ""height"": 0.9092307692307692, ""label"": ""R"", ""shape"": ""rectangle""}]",228,221,0.9692982456140351,R,Data-sets/En\10776.jpg
10787.jpg,"[{""left"": 0.05408888888888889, ""top"": 0.5675555555555556, ""width"": 0.8083111111111111, ""height"": 0.32071111111111117, ""label"": ""BRIDE"", ""shape"": ""rectangle""}]",225,225,1.0,BRIDE,Data-sets/En\10787.jpg
14034.jpg,"[{""left"": 0.0020714285714285713, ""top"": 0.4311290322580645, ""width"": 0.9979285714285714, ""height"": 0.18784946236559139, ""label"": ""HELLY HANSEN"", ""shape"": ""rectangle""}]",700,372,0.5314285714285715,HELLY HANSEN,Data-sets/En\14034.jpg
14222.jpg,"[{""left"": 0.15157894736842106, ""top"": 0.3616742081447964, ""width"": 0.7360526315789473, ""height"": 0.18285067873303165, ""label"": ""At Home"", ""shape"": ""rectangle""}]",228,221,0.9692982456140351,At Home,Data-sets/En\14222.jpg
14890.jpg,"[{""left"": 0.13193749999999999, ""top"": 0.24076923076923076, ""width"": 0.38942499999999997, ""height"": 0.1338974358974359, ""label"": ""DO NOT"", ""shape"": ""rectangle""}, {""left"": 0.130475, ""top"": 0.38365811965811963, ""width"": 0.6444249999999999, ""height"": 0.14287179487179485, ""label"": ""TOUCH-HOT"", ""shape"": ""rectangle""}]",800,585,0.73125,"DO NOT
TOUCH-HOT",Data-sets/En\14890.jpg
15825.jpg,"[{""left"": 0.9360888888888889, ""top"": 0.26555555555555554, ""width"": 0.058933333333333296, ""height"": 0.062311111111111095, ""label"": ""R"", ""shape"": ""rectangle""}, {""left"": 0.028444444444444446, ""top"": 0.2702222222222222, ""width"": 0.943111111111111, ""height"": 0.4502222222222222, ""label"": ""LEGO"", ""shape"": ""rectangle""}]",225,225,1.0,"R
LEGO",Data-sets/En\15825.jpg
16330.jpg,"[{""left"": 0.02490415335463259, ""top"": 0.21383693045563548, ""width"": 0.9597603833865814, ""height"": 0.7413908872901678, ""label"": ""2022"", ""shape"": ""rectangle""}]",626,417,0.6661341853035144,2022,Data-sets/En\16330.jpg
1a.jpg,"[{""left"": 0.1045945945945946, ""top"": 0.14335051546391753, ""width"": 0.7783397683397684, ""height"": 0.18984536082474227, ""label"": ""CAUTION"", ""shape"": ""rectangle""}, {""left"": 0.30293436293436293, ""top"": 0.5000515463917526, ""width"": 0.38617760617760616, ""height"": 0.11087628865979376, ""label"": ""I Haven't"", ""shape"": ""rectangle""}, {""left"": 0.3246332046332046, ""top"": 0.6334536082474227, ""width"": 0.3271042471042472, ""height"": 0.1289175257731959, ""label"": ""Had My"", ""shape"": ""rectangle""}, {""left"": 0.267027027027027, ""top"": 0.7733505154639175, ""width"": 0.4596138996138996, ""height"": 0.10706185567010315, ""label"": ""Coffee Yet"", ""shape"": ""rectangle""}]",259,194,0.749034749034749,"CAUTION
I Haven't
Had My
Coffee Yet",Data-sets/En\1a.jpg
2a.jpg,"[{""left"": 0.1780817610062893, ""top"": 0.02490566037735849, ""width"": 0.6408805031446542, ""height"": 0.22415094339622643, ""label"": ""Attention"", ""shape"": ""rectangle""}, {""left"": 0.26544025157232704, ""top"": 0.34955974842767296, ""width"": 0.46789308176100625, ""height"": 0.13157232704402516, ""label"": ""Remote Control"", ""shape"": ""rectangle""}, {""left"": 0.179874213836478, ""top"": 0.5221383647798742, ""width"": 0.6372012578616352, ""height"": 0.14012578616352203, ""label"": ""Locomotives Operate"", ""shape"": ""rectangle""}, {""left"": 0.13726415094339622, ""top"": 0.6894968553459119, ""width"": 0.7209119496855345, ""height"": 0.12119496855345918, ""label"": ""In This Area. Lovomotive"", ""shape"": ""rectangle""}, {""left"": 0.12858490566037736, ""top"": 0.8577358490566037, ""width"": 0.7415408805031447, ""height"": 0.13911949685534594, ""label"": ""Cabs May Be Unoccupied"", ""shape"": ""rectangle""}]",318,159,0.5,"Attention
Remote Control
Locomotives Operate
In This Area. Lovomotive
Cabs May Be Unoccupied",Data-sets/En\2a.jpg
3a.jpg,"[{""left"": 0.053512500000000005, ""top"": 0.3901833333333334, ""width"": 0.4736, ""height"": 0.08991666666666664, ""label"": ""Success is one"", ""shape"": ""rectangle""}, {""left"": 0.048275, ""top"": 0.5, ""width"": 0.6422249999999999, ""height"": 0.09300000000000001, ""label"": ""percent inspiration,"", ""shape"": ""rectangle""}, {""left"": 0.0538875, ""top"": 0.6104333333333333, ""width"": 0.6422249999999999, ""height"": 0.09300000000000001, ""label"": ""ninety-nine percent"", ""shape"": ""rectangle""}, {""left"": 0.0523875, ""top"": 0.7183333333333334, ""width"": 0.4188625, ""height"": 0.10100000000000003, ""label"": ""perspiration."", ""shape"": ""rectangle""}, {""left"": 0.0550125, ""top"": 0.8837666666666667, ""width"": 0.209825, ""height"": 0.04995000000000004, ""label"": ""Thomas Edison"", ""shape"": ""rectangle""}]",800,600,0.75,"Success is one
percent inspiration,
ninety-nine percent
perspiration.
Thomas Edison",Data-sets/En\3a.jpg
4a.jpg,"[{""left"": 0.3868852459016393, ""top"": 0.17781818181818182, ""width"": 0.5780874316939891, ""height"": 0.18487272727272727, ""label"": ""DON'T"", ""shape"": ""rectangle""}, {""left"": 0.1849726775956284, ""top"": 0.36319999999999997, ""width"": 0.4368852459016393, ""height"": 0.15898181818181817, ""label"": ""QUIT"", ""shape"": ""rectangle""}]",183,275,1.5027322404371584,"DON'T
QUIT",Data-sets/En\4a.jpg
5a.jpg,"[{""left"": 0.038026315789473686, ""top"": 0.11036144578313253, ""width"": 0.28582236842105263, ""height"": 0.26981927710843373, ""label"": ""will"", ""shape"": ""rectangle""}, {""left"": 0.447203947368421, ""top"": 0.12114457831325301, ""width"": 0.5166118421052632, ""height"": 0.2698192771084338, ""label"": ""would"", ""shape"": ""rectangle""}, {""left"": 0.12259868421052633, ""top"": 0.8253012048192772, ""width"": 0.14746710526315787, ""height"": 0.09891566265060234, ""label"": ""future"", ""shape"": ""rectangle""}, {""left"": 0.6492434210526316, ""top"": 0.8275301204819278, ""width"": 0.1188486842105263, ""height"": 0.09837349397590352, ""label"": ""past"", ""shape"": ""rectangle""}]",304,166,0.5460526315789473,"will
would
future
past",Data-sets/En\5a.jpg
6a.jpg,"[{""left"": 0.3398222222222222, ""top"": 0.42764444444444444, ""width"": 0.6454666666666667, ""height"": 0.13382222222222223, ""label"": ""auto.ru"", ""shape"": ""rectangle""}]",225,225,1.0,auto.ru,Data-sets/En\6a.jpg
7a.jpg,"[{""left"": 0.03223868312757202, ""top"": 0.04146428571428571, ""width"": 0.3948971193415638, ""height"": 0.07394285714285714, ""label"": ""Dear Santa."", ""shape"": ""rectangle""}, {""left"": 0.03223868312757202, ""top"": 0.11839999999999999, ""width"": 0.9014650205761316, ""height"": 0.08695714285714286, ""label"": ""I have been very good this"", ""shape"": ""rectangle""}, {""left"": 0.0391440329218107, ""top"": 0.19034285714285715, ""width"": 0.9348559670781894, ""height"": 0.08794285714285714, ""label"": ""year and have been thinking"", ""shape"": ""rectangle""}, {""left"": 0.0368477366255144, ""top"": 0.2612857142857143, ""width"": 0.8289300411522634, ""height"": 0.06993571428571427, ""label"": ""of what I would like for"", ""shape"": ""rectangle""}, {""left"": 0.03569547325102881, ""top"": 0.33622142857142856, ""width"": 0.3511440329218107, ""height"": 0.06295000000000003, ""label"": ""Christmas."", ""shape"": ""rectangle""}, {""left"": 0.028781893004115225, ""top"": 0.40416428571428575, ""width"": 0.20378600823045268, ""height"": 0.08792857142857137, ""label"": ""1. lego"", ""shape"": ""rectangle""}, {""left"": 0.03625514403292181, ""top"": 0.47408571428571433, ""width"": 0.30160493827160495, ""height"": 0.08191428571428568, ""label"": ""2. bicycle"", ""shape"": ""rectangle""}, {""left"": 0.03625514403292181, ""top"": 0.5450285714285714, ""width"": 0.2544444444444444, ""height"": 0.08690000000000006, ""label"": ""3. puppy"", ""shape"": ""rectangle""}, {""left"": 0.03223868312757202, ""top"": 0.616, ""width"": 0.9129794238683128, ""height"": 0.08092142857142863, ""label"": ""I am very excited for your"", ""shape"": ""rectangle""}, {""left"": 0.037991769547325104, ""top"": 0.6909214285714286, ""width"": 0.9279506172839505, ""height"": 0.06794285714285722, ""label"": ""visit and will leave out some"", ""shape"": ""rectangle""}, {""left"": 0.0368477366255144, ""top"": 0.7618571428571428, ""width"": 0.7909382716049382, ""height"": 0.07694285714285716, ""label"": ""snacks for you and your"", ""shape"": ""rectangle""}, {""left"": 0.037991769547325104, ""top"": 0.8407999999999999, ""width"": 0.2855226337448559, ""height"": 0.05795000000000008, ""label"": ""reindeer"", ""shape"": ""rectangle""}, {""left"": 0.7453168724279835, ""top"": 0.9106500000000001, ""width"": 0.14329218106995897, ""height"": 0.055264285714285634, ""label"": ""love."", ""shape"": ""rectangle""}]",1215,1400,1.1522633744855968,"Dear Santa.
I have been very good this
year and have been thinking
of what I would like for
Christmas.
1. lego
2. bicycle
3. puppy
I am very excited for your
visit and will leave out some
snacks for you and your
reindeer
love.",Data-sets/En\7a.jpg
b1.jpg,"[{""left"": 0.2371604938271605, ""top"": 0.14740384615384616, ""width"": 0.5448148148148149, ""height"": 0.13288461538461538, ""label"": ""KINDLY KEEP"", ""shape"": ""rectangle""}, {""left"": 0.22777777777777777, ""top"": 0.29427884615384614, ""width"": 0.560164609053498, ""height"": 0.12389423076923078, ""label"": ""YOUR TICKET"", ""shape"": ""rectangle""}, {""left"": 0.267119341563786, ""top"": 0.4371634615384616, ""width"": 0.45497942386831275, ""height"": 0.1288942307692307, ""label"": ""UNTIL YOU"", ""shape"": ""rectangle""}, {""left"": 0.14736625514403293, ""top"": 0.5860096153846154, ""width"": 0.714156378600823, ""height"": 0.12990384615384615, ""label"": ""ARRIVE AT YOUR"", ""shape"": ""rectangle""}, {""left"": 0.21152263374485597, ""top"": 0.7378846153846154, ""width"": 0.5781481481481481, ""height"": 0.13288461538461546, ""label"": ""DESTINATION"", ""shape"": ""rectangle""}]",243,208,0.8559670781893004,"KINDLY KEEP
YOUR TICKET
UNTIL YOU
ARRIVE AT YOUR
DESTINATION",Data-sets/En\b1.jpg
b10.jpg,"[{""left"": 0.14941818181818184, ""top"": 0.3937158469945355, ""width"": 0.30920000000000003, ""height"": 0.12076502732240442, ""label"": ""DO YOU"", ""shape"": ""rectangle""}, {""left"": 0.19396363636363637, ""top"": 0.5234972677595628, ""width"": 0.2161090909090909, ""height"": 0.12289617486338802, ""label"": ""SPEAK"", ""shape"": ""rectangle""}, {""left"": 0.16869090909090909, ""top"": 0.6503825136612021, ""width"": 0.3145090909090909, ""height"": 0.13688524590163934, ""label"": ""ENGLISH?"", ""shape"": ""rectangle""}]",275,183,0.6654545454545454,"DO YOU
SPEAK
ENGLISH?",Data-sets/En\b10.jpg
b11.jpg,"[{""left"": 0.11033175355450238, ""top"": 0.08288702928870292, ""width"": 0.7718483412322275, ""height"": 0.09393305439330543, ""label"": ""Future is created"", ""shape"": ""rectangle""}, {""left"": 0.15900473933649287, ""top"": 0.18083682008368201, ""width"": 0.679052132701422, ""height"": 0.107907949790795, ""label"": ""by what you do"", ""shape"": ""rectangle""}, {""left"": 0.3536492890995261, ""top"": 0.288744769874477, ""width"": 0.28407582938388626, ""height"": 0.09690376569037655, ""label"": ""today,"", ""shape"": ""rectangle""}, {""left"": 0.19407582938388626, ""top"": 0.3886610878661088, ""width"": 0.6032227488151658, ""height"": 0.082928870292887, ""label"": ""not tomorrow"", ""shape"": ""rectangle""}]",211,239,1.132701421800948,"Future is created
by what you do
today,
not tomorrow",Data-sets/En\b11.jpg
b12.jpg,"[{""left"": 0.15497777777777777, ""top"": 0.014, ""width"": 0.6374666666666667, ""height"": 0.1648888888888889, ""label"": ""IF YOU"", ""shape"": ""rectangle""}, {""left"": 0.16697777777777778, ""top"": 0.19186666666666669, ""width"": 0.6284888888888889, ""height"": 0.09991111111111113, ""label"": ""CAN'T STOP"", ""shape"": ""rectangle""}, {""left"": 0.1589777777777778, ""top"": 0.30777777777777776, ""width"": 0.6404888888888888, ""height"": 0.11386666666666669, ""label"": ""THINKING"", ""shape"": ""rectangle""}, {""left"": 0.17497777777777776, ""top"": 0.44266666666666665, ""width"": 0.6334666666666666, ""height"": 0.1258666666666667, ""label"": ""ABOUT IT,"", ""shape"": ""rectangle""}, {""left"": 0.164, ""top"": 0.5755555555555556, ""width"": 0.6354666666666666, ""height"": 0.08991111111111107, ""label"": ""DON'T STOP"", ""shape"": ""rectangle""}, {""left"": 0.154, ""top"": 0.6854666666666667, ""width"": 0.6414666666666666, ""height"": 0.10591111111111116, ""label"": ""WORKING"", ""shape"": ""rectangle""}, {""left"": 0.17395555555555556, ""top"": 0.8113333333333334, ""width"": 0.6175111111111111, ""height"": 0.1578666666666666, ""label"": ""FOR IT."", ""shape"": ""rectangle""}]",225,225,1.0,"IF YOU
CAN'T STOP
THINKING
ABOUT IT,
DON'T STOP
WORKING
FOR IT.",Data-sets/En\b12.jpg
b13.jpg,"[{""left"": 0.043745454545454546, ""top"": 0.2931693989071038, ""width"": 0.15974545454545455, ""height"": 0.14076502732240437, ""label"": ""Spring"", ""shape"": ""rectangle""}, {""left"": 0.5264363636363637, ""top"": 0.2974863387978142, ""width"": 0.1942545454545454, ""height"": 0.11316939890710387, ""label"": ""Autumn"", ""shape"": ""rectangle""}, {""left"": 0.2753090909090909, ""top"": 0.29923497267759563, ""width"": 0.19483636363636364, ""height"": 0.11224043715846994, ""label"": ""Summer"", ""shape"": ""rectangle""}, {""left"": 0.7913818181818182, ""top"": 0.29923497267759563, ""width"": 0.1700727272727272, ""height"": 0.10967213114754099, ""label"": ""Winter"", ""shape"": ""rectangle""}]",275,183,0.6654545454545454,"Spring
Autumn
Summer
Winter",Data-sets/En\b13.jpg
b14.jpg,"[{""left"": 0.06730909090909092, ""top"": 0.2620765027322404, ""width"": 0.8688727272727272, ""height"": 0.5959016393442622, ""label"": ""English"", ""shape"": ""rectangle""}]",275,183,0.6654545454545454,English,Data-sets/En\b14.jpg
b15.jpg,"[{""left"": 0.13567272727272728, ""top"": 0.15672131147540982, ""width"": 0.7062545454545455, ""height"": 0.25218579234972677, ""label"": ""ENGLISH"", ""shape"": ""rectangle""}, {""left"": 0.08512727272727273, ""top"": 0.4486338797814207, ""width"": 0.8062181818181818, ""height"": 0.2711475409836066, ""label"": ""LANGUAGE"", ""shape"": ""rectangle""}]",275,183,0.6654545454545454,"ENGLISH
LANGUAGE",Data-sets/En\b15.jpg
b16.jpg,"[{""left"": 0.1281081081081081, ""top"": 0.34891752577319585, ""width"": 0.7154054054054054, ""height"": 0.3169072164948453, ""label"": ""IELTS"", ""shape"": ""rectangle""}, {""left"": 0.8137451737451737, ""top"": 0.34891752577319585, ""width"": 0.054980694980695015, ""height"": 0.05525773195876288, ""label"": ""TM"", ""shape"": ""rectangle""}]",259,194,0.749034749034749,"IELTS
TM",Data-sets/En\b16.jpg
b17.jpg,"[{""left"": 0.46207272727272725, ""top"": 0.48060109289617486, ""width"": 0.3126181818181818, ""height"": 0.21415300546448085, ""label"": ""Happy"", ""shape"": ""rectangle""}, {""left"": 0.3982909090909091, ""top"": 0.6178688524590163, ""width"": 0.39825454545454547, ""height"": 0.24180327868852458, ""label"": ""Birthday"", ""shape"": ""rectangle""}]",275,183,0.6654545454545454,"Happy
Birthday",Data-sets/En\b17.jpg
b18.jpg,"[{""left"": 0.0307, ""top"": 0.07684523809523809, ""width"": 0.3327, ""height"": 0.2288095238095238, ""label"": ""LISTEN"", ""shape"": ""rectangle""}, {""left"": 0.025866666666666666, ""top"": 0.3211904761904762, ""width"": 0.34286666666666665, ""height"": 0.17273809523809525, ""label"": ""AND READ"", ""shape"": ""rectangle""}, {""left"": 0.0569, ""top"": 0.5519642857142857, ""width"": 0.27953333333333336, ""height"": 0.11226190476190476, ""label"": ""LEONARDO DA"", ""shape"": ""rectangle""}, {""left"": 0.1391, ""top"": 0.6711309523809523, ""width"": 0.11413333333333334, ""height"": 0.10101190476190476, ""label"": ""VINCI"", ""shape"": ""rectangle""}]",300,168,0.56,"LISTEN
AND READ
LEONARDO DA
VINCI",Data-sets/En\b18.jpg
b19.jpg,"[{""left"": 0.022406639004149378, ""top"": 0.06363636363636364, ""width"": 0.9480912863070539, ""height"": 0.20382775119617222, ""label"": ""BELIEVE"", ""shape"": ""rectangle""}, {""left"": 0.14298755186721993, ""top"": 0.32703349282296645, ""width"": 0.698713692946058, ""height"": 0.18569377990430624, ""label"": ""you can"", ""shape"": ""rectangle""}, {""left"": 0.1467219917012448, ""top"": 0.5170334928229665, ""width"": 0.700954356846473, ""height"": 0.21157894736842106, ""label"": ""and you"", ""shape"": ""rectangle""}, {""left"": 0.31298755186721994, ""top"": 0.7372248803827752, ""width"": 0.39991701244813277, ""height"": 0.19688995215310995, ""label"": ""will"", ""shape"": ""rectangle""}]",241,209,0.8672199170124482,"BELIEVE
you can
and you
will",Data-sets/En\b19.jpg
b2.jpg,"[{""left"": 0.2603557312252965, ""top"": 0.1464824120603015, ""width"": 0.4938339920948617, ""height"": 0.12788944723618093, ""label"": ""PLEASE"", ""shape"": ""rectangle""}, {""left"": 0.2624110671936759, ""top"": 0.28462311557788944, ""width"": 0.4985770750988142, ""height"": 0.12271356783919599, ""label"": ""DO NOT"", ""shape"": ""rectangle""}, {""left"": 0.16731225296442687, ""top"": 0.415929648241206, ""width"": 0.690790513833992, ""height"": 0.12788944723618093, ""label"": ""LEAVE ANY"", ""shape"": ""rectangle""}, {""left"": 0.18632411067193677, ""top"": 0.5471859296482412, ""width"": 0.641897233201581, ""height"": 0.13477386934673372, ""label"": ""GARBAGE"", ""shape"": ""rectangle""}, {""left"": 0.3303162055335968, ""top"": 0.6939698492462312, ""width"": 0.3443873517786561, ""height"": 0.11582914572864328, ""label"": ""HERE"", ""shape"": ""rectangle""}]",253,199,0.7865612648221344,"PLEASE
DO NOT
LEAVE ANY
GARBAGE
HERE",Data-sets/En\b2.jpg
b20.jpg,"[{""left"": 0.8735374149659864, ""top"": 0.22169590643274853, ""width"": 0.12506802721088428, ""height"": 0.09842105263157898, ""label"": ""lose"", ""shape"": ""rectangle""}, {""left"": 0.5611564625850339, ""top"": 0.2501754385964912, ""width"": 0.12908163265306127, ""height"": 0.10274853801169591, ""label"": ""lose"", ""shape"": ""rectangle""}, {""left"": 0.03374149659863945, ""top"": 0.4746783625730994, ""width"": 0.31544217687074827, ""height"": 0.15631578947368424, ""label"": ""To lose"", ""shape"": ""rectangle""}, {""left"": 0.6952380952380952, ""top"": 0.4911111111111111, ""width"": 0.14316326530612247, ""height"": 0.11052631578947364, ""label"": ""lost"", ""shape"": ""rectangle""}, {""left"": 0.6972448979591837, ""top"": 0.6413450292397661, ""width"": 0.13812925170068022, ""height"": 0.11403508771929816, ""label"": ""lost"", ""shape"": ""rectangle""}]",294,171,0.5816326530612245,"lose
lose
To lose
lost
lost",Data-sets/En\b20.jpg
b21.jpg,"[{""left"": 0.16897777777777778, ""top"": 0.3307555555555556, ""width"": 0.7373777777777778, ""height"": 0.3177333333333333, ""label"": ""Monday"", ""shape"": ""rectangle""}]",225,225,1.0,Monday,Data-sets/En\b21.jpg
b22.jpg,"[{""left"": 0.3636309523809524, ""top"": 0.25453333333333333, ""width"": 0.28196428571428567, ""height"": 0.09793333333333332, ""label"": ""NEVER"", ""shape"": ""rectangle""}, {""left"": 0.34809523809523807, ""top"": 0.37626666666666664, ""width"": 0.30505952380952384, ""height"": 0.09793333333333332, ""label"": ""STOP"", ""shape"": ""rectangle""}, {""left"": 0.2380357142857143, ""top"": 0.4980666666666666, ""width"": 0.5316071428571428, ""height"": 0.09793333333333341, ""label"": ""DREAMING"", ""shape"": ""rectangle""}]",168,300,1.7857142857142858,"NEVER
STOP
DREAMING",Data-sets/En\b22.jpg
b23.jpg,"[{""left"": 0.10308056872037914, ""top"": 0.1828033472803347, ""width"": 0.8040284360189573, ""height"": 0.14163179916317994, ""label"": ""FOLLOW"", ""shape"": ""rectangle""}, {""left"": 0.24393364928909952, ""top"": 0.36933054393305437, ""width"": 0.5233175355450236, ""height"": 0.1390376569037657, ""label"": ""YOUR"", ""shape"": ""rectangle""}, {""left"": 0.14218009478672985, ""top"": 0.5532635983263597, ""width"": 0.725829383886256, ""height"": 0.14506276150627623, ""label"": ""DREAMS"", ""shape"": ""rectangle""}]",211,239,1.132701421800948,"FOLLOW
YOUR
DREAMS",Data-sets/En\b23.jpg
b24.jpg,"[{""left"": 0.25324444444444444, ""top"": 0.14133333333333334, ""width"": 0.5034666666666666, ""height"": 0.18133333333333332, ""label"": ""THE BEST"", ""shape"": ""rectangle""}, {""left"": 0.36377777777777776, ""top"": 0.3434222222222222, ""width"": 0.3670222222222223, ""height"": 0.16577777777777777, ""label"": ""IS YET"", ""shape"": ""rectangle""}, {""left"": 0.15737777777777776, ""top"": 0.5221777777777777, ""width"": 0.7012444444444444, ""height"": 0.17008888888888887, ""label"": ""TO COME"", ""shape"": ""rectangle""}]",225,225,1.0,"THE BEST
IS YET
TO COME",Data-sets/En\b24.jpg
b25.jpg,"[{""left"": 0.28097744360902255, ""top"": 0.27349887133182843, ""width"": 0.32559398496240605, ""height"": 0.15803611738148982, ""label"": ""IF \""Plan A\"""", ""shape"": ""rectangle""}, {""left"": 0.2533533834586466, ""top"": 0.39354401805869077, ""width"": 0.3670225563909775, ""height"": 0.12607223476297968, ""label"": ""Didn't work."", ""shape"": ""rectangle""}, {""left"": 0.2188421052631579, ""top"": 0.4867945823927765, ""width"": 0.4815037593984963, ""height"": 0.14941309255079, ""label"": ""The alphabet has"", ""shape"": ""rectangle""}, {""left"": 0.2550827067669173, ""top"": 0.5610609480812642, ""width"": 0.4826616541353384, ""height"": 0.15112866817155754, ""label"": ""25 more letters!"", ""shape"": ""rectangle""}, {""left"": 0.2953533834586466, ""top"": 0.6837020316027088, ""width"": 0.3779548872180451, ""height"": 0.1485327313769752, ""label"": ""Stay Cool."", ""shape"": ""rectangle""}]",665,443,0.6661654135338346,"IF ""Plan A""
Didn't work.
The alphabet has
25 more letters!
Stay Cool.",Data-sets/En\b25.jpg
b26.jpg,"[{""left"": 0.3577993527508091, ""top"": 0.29650306748466254, ""width"": 0.28194174757281554, ""height"": 0.10638036809815953, ""label"": ""\""Never love"", ""shape"": ""rectangle""}, {""left"": 0.27932038834951456, ""top"": 0.42104294478527604, ""width"": 0.4416181229773463, ""height"": 0.11503067484662577, ""label"": ""anyone who treats"", ""shape"": ""rectangle""}, {""left"": 0.3130744336569579, ""top"": 0.5585889570552147, ""width"": 0.3741100323624596, ""height"": 0.10374233128834354, ""label"": ""you like you are"", ""shape"": ""rectangle""}, {""left"": 0.3755987055016181, ""top"": 0.6874233128834356, ""width"": 0.24223300970873785, ""height"": 0.10030674846625771, ""label"": ""ordinary.\"""", ""shape"": ""rectangle""}]",309,163,0.5275080906148867,"""Never love
anyone who treats
you like you are
ordinary.""",Data-sets/En\b26.jpg
b27.jpg,"[{""left"": 0.4536, ""top"": 0.12240437158469944, ""width"": 0.11694545454545459, ""height"": 0.19781420765027324, ""label"": ""do"", ""shape"": ""rectangle""}, {""left"": 0.46305454545454544, ""top"": 0.3969398907103825, ""width"": 0.11818181818181818, ""height"": 0.07868852459016397, ""label"": ""what"", ""shape"": ""rectangle""}, {""left"": 0.4556, ""top"": 0.5385245901639344, ""width"": 0.1404, ""height"": 0.17950819672131152, ""label"": ""you"", ""shape"": ""rectangle""}, {""left"": 0.47127272727272723, ""top"": 0.7477049180327869, ""width"": 0.1199272727272728, ""height"": 0.08524590163934423, ""label"": ""love"", ""shape"": ""rectangle""}]",275,183,0.6654545454545454,"do
what
you
love",Data-sets/En\b27.jpg
b28.jpg,"[{""left"": 0.1917090909090909, ""top"": 0.26114754098360654, ""width"": 0.5703636363636363, ""height"": 0.16612021857923495, ""label"": ""IT'S TIME"", ""shape"": ""rectangle""}, {""left"": 0.20367272727272726, ""top"": 0.453551912568306, ""width"": 0.5826545454545455, ""height"": 0.1448087431693989, ""label"": ""TO LEARN"", ""shape"": ""rectangle""}, {""left"": 0.17745454545454545, ""top"": 0.6376502732240437, ""width"": 0.5951272727272728, ""height"": 0.1608743169398907, ""label"": ""ENGLISH!"", ""shape"": ""rectangle""}]",275,183,0.6654545454545454,"IT'S TIME
TO LEARN
ENGLISH!",Data-sets/En\b28.jpg
b29.jpg,"[{""left"": 0.1514181818181818, ""top"": 0.34262295081967215, ""width"": 0.7386909090909091, ""height"": 0.2548087431693989, ""label"": ""DECEMBER"", ""shape"": ""rectangle""}]",275,183,0.6654545454545454,DECEMBER,Data-sets/En\b29.jpg
b3.jpg,"[{""left"": 0.10101063829787234, ""top"": 0.12977611940298509, ""width"": 0.8048138297872339, ""height"": 0.1914925373134328, ""label"": ""IMPORTANT NOTICE"", ""shape"": ""rectangle""}, {""left"": 0.24340425531914892, ""top"": 0.34291044776119406, ""width"": 0.5236702127659575, ""height"": 0.17619402985074625, ""label"": ""Unattended"", ""shape"": ""rectangle""}, {""left"": 0.3052925531914894, ""top"": 0.5076119402985074, ""width"": 0.4039893617021276, ""height"": 0.20679104477611945, ""label"": ""baggage"", ""shape"": ""rectangle""}, {""left"": 0.11465425531914894, ""top"": 0.6786567164179105, ""width"": 0.7647872340425532, ""height"": 0.19276119402985073, ""label"": ""will be removed"", ""shape"": ""rectangle""}]",376,134,0.35638297872340424,"IMPORTANT NOTICE
Unattended
baggage
will be removed",Data-sets/En\b3.jpg
b30.jpg,"[{""left"": 0.33949090909090907, ""top"": 0.27781420765027326, ""width"": 0.24487272727272724, ""height"": 0.12601092896174865, ""label"": ""Best."", ""shape"": ""rectangle""}, {""left"": 0.3374909090909091, ""top"": 0.4423497267759563, ""width"": 0.4316, ""height"": 0.13196721311475404, ""label"": ""Summer."", ""shape"": ""rectangle""}, {""left"": 0.3406545454545455, ""top"": 0.6036065573770492, ""width"": 0.25389090909090906, ""height"": 0.13355191256830606, ""label"": ""Ever."", ""shape"": ""rectangle""}]",275,183,0.6654545454545454,"Best.
Summer.
Ever.",Data-sets/En\b30.jpg
b4.jpg,"[{""left"": 0.02711111111111111, ""top"": 0.3487111111111111, ""width"": 0.8112888888888888, ""height"": 0.38471111111111117, ""label"": ""YES"", ""shape"": ""rectangle""}]",225,225,1.0,YES,Data-sets/En\b4.jpg
b5.jpg,"[{""left"": 0.07166023166023165, ""top"": 0.14530927835051546, ""width"": 0.4318532818532818, ""height"": 0.3987113402061856, ""label"": ""NO"", ""shape"": ""rectangle""}, {""left"": 0.058957528957528954, ""top"": 0.6669072164948453, ""width"": 0.8554054054054053, ""height"": 0.24278350515463915, ""label"": ""SMOKING"", ""shape"": ""rectangle""}]",259,194,0.749034749034749,"NO
SMOKING",Data-sets/En\b5.jpg
b6.jpg,"[{""left"": 0.022088888888888887, ""top"": 0.041999999999999996, ""width"": 0.9602222222222223, ""height"": 0.3057333333333333, ""label"": ""WOW"", ""shape"": ""rectangle""}, {""left"": 0.17297777777777779, ""top"": 0.43466666666666665, ""width"": 0.6534666666666665, ""height"": 0.2248, ""label"": ""YOUR"", ""shape"": ""rectangle""}, {""left"": 0.2429333333333333, ""top"": 0.7613777777777778, ""width"": 0.5155555555555555, ""height"": 0.21382222222222216, ""label"": ""HAIR"", ""shape"": ""rectangle""}]",225,225,1.0,"WOW
YOUR
HAIR",Data-sets/En\b6.jpg
b7.jpg,"[{""left"": 0.08541237113402061, ""top"": 0.6904247104247104, ""width"": 0.8350515463917526, ""height"": 0.1628957528957529, ""label"": ""Warning"", ""shape"": ""rectangle""}, {""left"": 0.16809278350515464, ""top"": 0.8562934362934363, ""width"": 0.6696391752577321, ""height"": 0.10393822393822388, ""label"": ""Biohazard"", ""shape"": ""rectangle""}]",194,259,1.3350515463917525,"Warning
Biohazard",Data-sets/En\b7.jpg
b8.jpg,"[{""left"": 0.06906666666666667, ""top"": 0.07297777777777778, ""width"": 0.8682666666666667, ""height"": 0.1318666666666667, ""label"": ""A B C D E F G"", ""shape"": ""rectangle""}, {""left"": 0.10902222222222223, ""top"": 0.21982222222222222, ""width"": 0.7823555555555556, ""height"": 0.13088888888888886, ""label"": ""H I J K L M N"", ""shape"": ""rectangle""}, {""left"": 0.06906666666666667, ""top"": 0.3676888888888889, ""width"": 0.8562666666666666, ""height"": 0.13288888888888886, ""label"": ""O P Q R S T U"", ""shape"": ""rectangle""}, {""left"": 0.19595555555555558, ""top"": 0.5185777777777778, ""width"": 0.6154666666666666, ""height"": 0.12591111111111103, ""label"": ""V W X Y Z"", ""shape"": ""rectangle""}, {""left"": 0.2359111111111111, ""top"": 0.6684444444444445, ""width"": 0.5345777777777778, ""height"": 0.12791111111111111, ""label"": ""1 2 3 4 5"", ""shape"": ""rectangle""}, {""left"": 0.23191111111111112, ""top"": 0.8183555555555555, ""width"": 0.5425777777777777, ""height"": 0.1278666666666667, ""label"": ""6 7 8 9 0"", ""shape"": ""rectangle""}]",225,225,1.0,"A B C D E F G
H I J K L M N
O P Q R S T U
V W X Y Z
1 2 3 4 5
6 7 8 9 0",Data-sets/En\b8.jpg
b9.jpg,"[{""left"": 0.3582181818181818, ""top"": 0.34863387978142074, ""width"": 0.30781818181818177, ""height"": 0.12491803278688525, ""label"": ""SORRY"", ""shape"": ""rectangle""}, {""left"": 0.4054181818181818, ""top"": 0.49153005464480876, ""width"": 0.20080000000000003, ""height"": 0.06896174863387973, ""label"": ""we are"", ""shape"": ""rectangle""}, {""left"": 0.31167272727272727, ""top"": 0.5685792349726776, ""width"": 0.406909090909091, ""height"": 0.208688524590164, ""label"": ""CLOSED"", ""shape"": ""rectangle""}]",275,183,0.6654545454545454,"SORRY
we are
CLOSED",Data-sets/En\b9.jpg
c1.jpg,"[{""left"": 0.12002499999999999, ""top"": 0.13720000000000002, ""width"": 0.7676000000000001, ""height"": 0.23579999999999998, ""label"": ""NO ENTRY"", ""shape"": ""rectangle""}, {""left"": 0.0642, ""top"": 0.5605, ""width"": 0.859175, ""height"": 0.100625, ""label"": ""YOU ARE IN A QUARANTINED AREA."", ""shape"": ""rectangle""}, {""left"": 0.05752500000000001, ""top"": 0.68045, ""width"": 0.873225, ""height"": 0.09364999999999996, ""label"": ""ANY ATTEMPT TO LEAVE THIS AREA"", ""shape"": ""rectangle""}, {""left"": 0.0406125, ""top"": 0.79755, ""width"": 0.9075124999999999, ""height"": 0.08314999999999997, ""label"": ""WITHOUT WRITTEN PERMISSION OF A"", ""shape"": ""rectangle""}, {""left"": 0.0386875, ""top"": 0.9105, ""width"": 0.9139375, ""height"": 0.08732500000000001, ""label"": ""U.S. MILITARY REPRESENTATIVE WILL"", ""shape"": ""rectangle""}]",800,400,0.5,"NO ENTRY
YOU ARE IN A QUARANTINED AREA.
ANY ATTEMPT TO LEAVE THIS AREA
WITHOUT WRITTEN PERMISSION OF A
U.S. MILITARY REPRESENTATIVE WILL",Data-sets/En\c1.jpg
c10.jpg,"[{""left"": 0.4852163461538461, ""top"": 0.18279151943462896, ""width"": 0.08963942307692306, ""height"": 0.06795053003533567, ""label"": ""Sad"", ""shape"": ""rectangle""}, {""left"": 0.15685096153846154, ""top"": 0.1837809187279152, ""width"": 0.13389423076923077, ""height"": 0.08194346289752652, ""label"": ""Happy"", ""shape"": ""rectangle""}, {""left"": 0.7774278846153847, ""top"": 0.18477031802120142, ""width"": 0.1373076923076922, ""height"": 0.08293286219081274, ""label"": ""Angry"", ""shape"": ""rectangle""}, {""left"": 0.4647596153846154, ""top"": 0.40261484098939926, ""width"": 0.16040865384615383, ""height"": 0.08293286219081272, ""label"": ""Sleepy"", ""shape"": ""rectangle""}, {""left"": 0.1466346153846154, ""top"": 0.40858657243816254, ""width"": 0.1930528846153846, ""height"": 0.07992932862190814, ""label"": ""Surprised"", ""shape"": ""rectangle""}, {""left"": 0.7753846153846153, ""top"": 0.4185865724381625, ""width"": 0.19168269230769233, ""height"": 0.07681978798586571, ""label"": ""Thoughtful"", ""shape"": ""rectangle""}, {""left"": 0.15752403846153845, ""top"": 0.6154416961130742, ""width"": 0.15569711538461542, ""height"": 0.08392226148409894, ""label"": ""Healthy"", ""shape"": ""rectangle""}, {""left"": 0.4790384615384615, ""top"": 0.6214134275618375, ""width"": 0.1026923076923077, ""height"": 0.05985865724381625, ""label"": ""Sick"", ""shape"": ""rectangle""}, {""left"": 0.771298076923077, ""top"": 0.6483745583038869, ""width"": 0.1529807692307692, ""height"": 0.08484098939929326, ""label"": ""Hungry"", ""shape"": ""rectangle""}, {""left"": 0.7740144230769231, ""top"": 0.8282332155477031, ""width"": 0.12983173076923074, ""height"": 0.07593639575971735, ""label"": ""Bored"", ""shape"": ""rectangle""}, {""left"": 0.14867788461538461, ""top"": 0.8342402826855124, ""width"": 0.18901442307692307, ""height"": 0.06487632508833917, ""label"": ""Ashamed"", ""shape"": ""rectangle""}, {""left"": 0.45658653846153846, ""top"": 0.8412367491166077, ""width"": 0.14281249999999998, ""height"": 0.06293286219081273, ""label"": ""Scared"", ""shape"": ""rectangle""}]",416,283,0.6802884615384616,"Sad
Happy
Angry
Sleepy
Surprised
Thoughtful
Healthy
Sick
Hungry
Bored
Ashamed
Scared",Data-sets/En\c10.jpg
c11.jpg,"[{""left"": 0.0260880195599022, ""top"": 0.004874551971326165, ""width"": 0.17244498777506112, ""height"": 0.055053763440860215, ""label"": ""I told you"", ""shape"": ""rectangle""}, {""left"": 0.028826405867970657, ""top"": 0.08189964157706094, ""width"": 0.1744743276283619, ""height"": 0.0439784946236559, ""label"": ""not to use"", ""shape"": ""rectangle""}, {""left"": 0.029511002444987777, ""top"": 0.13985663082437277, ""width"": 0.11244498777506112, ""height"": 0.05594982078853046, ""label"": ""bleach"", ""shape"": ""rectangle""}, {""left"": 0.5631784841075794, ""top"": 0.6494265232974911, ""width"": 0.1519804400977995, ""height"": 0.060967741935483835, ""label"": ""Shut up!"", ""shape"": ""rectangle""}]",409,279,0.6821515892420538,"I told you
not to use
bleach
Shut up!",Data-sets/En\c11.jpg
c12.jpg,"[{""left"": 0.0397, ""top"": 0.45881856540084387, ""width"": 0.9307857142857144, ""height"": 0.21586497890295364, ""label"": ""Happiness is not a destination."", ""shape"": ""rectangle""}, {""left"": 0.19334285714285715, ""top"": 0.6919409282700423, ""width"": 0.6198142857142858, ""height"": 0.180295358649789, ""label"": ""It is a method of life"", ""shape"": ""rectangle""}]",700,237,0.3385714285714286,"Happiness is not a destination.
It is a method of life",Data-sets/En\c12.jpg
c13.jpg,"[{""left"": 0.12640845070422535, ""top"": 0.29974842767295595, ""width"": 0.7328169014084507, ""height"": 0.1878616352201258, ""label"": ""If you don't walk"", ""shape"": ""rectangle""}, {""left"": 0.06376760563380282, ""top"": 0.4745911949685534, ""width"": 0.8597887323943663, ""height"": 0.17383647798742138, ""label"": ""today, you'll have to"", ""shape"": ""rectangle""}, {""left"": 0.19697183098591547, ""top"": 0.6544654088050315, ""width"": 0.5867957746478873, ""height"": 0.12289308176100625, ""label"": ""run tomorrow."", ""shape"": ""rectangle""}]",284,159,0.5598591549295775,"If you don't walk
today, you'll have to
run tomorrow.",Data-sets/En\c13.jpg
c14.jpg,"[{""left"": 0.17373333333333332, ""top"": 0.29225440806045344, ""width"": 0.17585833333333334, ""height"": 0.04895465994962217, ""label"": ""butterfly"", ""shape"": ""rectangle""}, {""left"": 0.6470916666666666, ""top"": 0.33022040302267003, ""width"": 0.17321666666666669, ""height"": 0.03896725440806045, ""label"": ""ladybird"", ""shape"": ""rectangle""}, {""left"": 0.21472500000000003, ""top"": 0.6059886649874056, ""width"": 0.1864333333333333, ""height"": 0.036971032745591964, ""label"": ""mosquito"", ""shape"": ""rectangle""}, {""left"": 0.6999833333333334, ""top"": 0.6249748110831235, ""width"": 0.13354166666666667, ""height"": 0.03396725440806049, ""label"": ""spider"", ""shape"": ""rectangle""}, {""left"": 0.2015, ""top"": 0.8827581863979849, ""width"": 0.05553333333333332, ""height"": 0.036971032745591964, ""label"": ""fly"", ""shape"": ""rectangle""}, {""left"": 0.7118833333333333, ""top"": 0.8857556675062972, ""width"": 0.07800833333333335, ""height"": 0.031971032745591925, ""label"": ""bee"", ""shape"": ""rectangle""}]",1200,1588,1.3233333333333333,"butterfly
ladybird
mosquito
spider
fly
bee",Data-sets/En\c14.jpg
c15.jpg,"[{""left"": 0.28376321353065537, ""top"": 0.057847358121330725, ""width"": 0.4641649048625792, ""height"": 0.06211350293542074, ""label"": ""Body Part of Bat"", ""shape"": ""rectangle""}, {""left"": 0.6302748414376321, ""top"": 0.2218003913894325, ""width"": 0.0572093023255814, ""height"": 0.033972602739726, ""label"": ""ear"", ""shape"": ""rectangle""}, {""left"": 0.6669767441860466, ""top"": 0.2867514677103718, ""width"": 0.1284566596194503, ""height"": 0.04495107632093933, ""label"": ""forearm"", ""shape"": ""rectangle""}, {""left"": 0.7681395348837209, ""top"": 0.36250489236790606, ""width"": 0.1090274841437632, ""height"": 0.04195694716242661, ""label"": ""thumb"", ""shape"": ""rectangle""}, {""left"": 0.2578646934460888, ""top"": 0.3926614481409002, ""width"": 0.06585623678646936, ""height"": 0.03696673189823872, ""label"": ""eye"", ""shape"": ""rectangle""}, {""left"": 0.08408033826638478, ""top"": 0.47459882583170254, ""width"": 0.21479915433403804, ""height"": 0.03696673189823878, ""label"": ""second finger"", ""shape"": ""rectangle""}, {""left"": 0.21038054968287528, ""top"": 0.5825048923679061, ""width"": 0.09723044397463002, ""height"": 0.044951076320939275, ""label"": ""finger"", ""shape"": ""rectangle""}, {""left"": 0.6828541226215645, ""top"": 0.6403522504892368, ""width"": 0.25900634249471455, ""height"": 0.04197651663405086, ""label"": ""wing membrane"", ""shape"": ""rectangle""}, {""left"": 0.3849048625792812, ""top"": 0.7062622309197651, ""width"": 0.05674418604651164, ""height"": 0.03796477495107639, ""label"": ""leg"", ""shape"": ""rectangle""}, {""left"": 0.555200845665962, ""top"": 0.7782974559686888, ""width"": 0.07376321353065536, ""height"": 0.03796477495107639, ""label"": ""foot"", ""shape"": ""rectangle""}, {""left"": 0.021458773784355182, ""top"": 0.9391976516634051, ""width"": 0.19646934460887946, ""height"": 0.052954990215264196, ""label"": ""VectorStock"", ""shape"": ""rectangle""}, {""left"": 0.7187737843551797, ""top"": 0.9491976516634051, ""width"": 0.2623044397463002, ""height"": 0.04095890410958906, ""label"": ""VectorStock.com/25010025"", ""shape"": ""rectangle""}]",473,511,1.080338266384778,"Body Part of Bat
ear
forearm
thumb
eye
second finger
finger
wing membrane
leg
foot
VectorStock
VectorStock.com/25010025",Data-sets/En\c15.jpg
c16.jpg,"[{""left"": 0.22415833333333335, ""top"": 0.22774814814814814, ""width"": 0.3063083333333333, ""height"": 0.1149037037037037, ""label"": ""I miss you,"", ""shape"": ""rectangle""}, {""left"": 0.21404166666666669, ""top"": 0.33965925925925927, ""width"": 0.24110833333333329, ""height"": 0.10290370370370372, ""label"": ""Sweetie"", ""shape"": ""rectangle""}, {""left"": 0.42086666666666667, ""top"": 0.5774518518518518, ""width"": 0.3096833333333333, ""height"": 0.12090370370370372, ""label"": ""I love you,"", ""shape"": ""rectangle""}, {""left"": 0.38209166666666666, ""top"": 0.693362962962963, ""width"": 0.33721666666666666, ""height"": 0.09991111111111119, ""label"": ""Sweetheart"", ""shape"": ""rectangle""}]",1200,675,0.5625,"I miss you,
Sweetie
I love you,
Sweetheart",Data-sets/En\c16.jpg
c17.jpg,"[{""left"": 0.3874916666666667, ""top"": 0.3006031746031746, ""width"": 0.2199333333333333, ""height"": 0.13030158730158736, ""label"": ""English"", ""shape"": ""rectangle""}, {""left"": 0.37275833333333336, ""top"": 0.41787301587301584, ""width"": 0.25255833333333333, ""height"": 0.12126984126984132, ""label"": ""Texts by"", ""shape"": ""rectangle""}, {""left"": 0.404325, ""top"": 0.5281111111111111, ""width"": 0.1946833333333333, ""height"": 0.1112539682539683, ""label"": ""Levels"", ""shape"": ""rectangle""}, {""left"": 0.413275, ""top"": 0.6734285714285714, ""width"": 0.07365833333333337, ""height"": 0.05612698412698415, ""label"": ""reading"", ""shape"": ""rectangle""}, {""left"": 0.5385000000000001, ""top"": 0.6814444444444444, ""width"": 0.04577499999999996, ""height"": 0.041095238095238074, ""label"": ""Skills"", ""shape"": ""rectangle""}]",1200,630,0.525,"English
Texts by
Levels
reading
Skills",Data-sets/En\c17.jpg
c18.jpg,"[{""left"": 0.15510000000000002, ""top"": 0.02045, ""width"": 0.6741166666666666, ""height"": 0.23579999999999998, ""label"": ""Do you speak"", ""shape"": ""rectangle""}, {""left"": 0.3616666666666667, ""top"": 0.21325, ""width"": 0.43156666666666665, ""height"": 0.24882500000000005, ""label"": ""English ?"", ""shape"": ""rectangle""}]",600,400,0.6666666666666666,"Do you speak
English ?",Data-sets/En\c18.jpg
c19.jpg,"[{""left"": 0.16969545957918053, ""top"": 0.3602095808383234, ""width"": 0.28660022148394243, ""height"": 0.23680638722554892, ""label"": ""I AM CAN,"", ""shape"": ""rectangle""}, {""left"": 0.3626079734219269, ""top"": 0.5630439121756486, ""width"": 0.30988372093023253, ""height"": 0.22080838323353294, ""label"": ""SO I CAN'T"", ""shape"": ""rectangle""}]",1806,1002,0.5548172757475083,"I AM CAN,
SO I CAN'T",Data-sets/En\c19.jpg
c2.jpg,"[{""left"": 0.1975875, ""top"": 0.3937, ""width"": 0.6003, ""height"": 0.29475, ""label"": ""Keep Off"", ""shape"": ""rectangle""}, {""left"": 0.1497, ""top"": 0.744225, ""width"": 0.6834874999999999, ""height"": 0.25254999999999994, ""label"": ""The Grass"", ""shape"": ""rectangle""}]",800,400,0.5,"Keep Off
The Grass",Data-sets/En\c2.jpg
c20.jpg,"[{""left"": 0.1586, ""top"": 0.06290969899665551, ""width"": 0.6781666666666666, ""height"": 0.08692307692307692, ""label"": ""MODAL VERB"", ""shape"": ""rectangle""}, {""left"": 0.38066666666666665, ""top"": 0.4865551839464883, ""width"": 0.22006666666666666, ""height"": 0.09190635451505023, ""label"": ""CAN"", ""shape"": ""rectangle""}]",300,299,0.9966666666666667,"MODAL VERB
CAN",Data-sets/En\c20.jpg
c21.jpg,"[{""left"": 0.3298285714285714, ""top"": 0.10641592920353983, ""width"": 0.29548571428571435, ""height"": 0.21783185840707966, ""label"": ""Will"", ""shape"": ""rectangle""}, {""left"": 0.3898285714285714, ""top"": 0.40318584070796465, ""width"": 0.17484285714285713, ""height"": 0.15685840707964596, ""label"": ""vs"", ""shape"": ""rectangle""}, {""left"": 0.2420857142857143, ""top"": 0.6369469026548672, ""width"": 0.4909714285714285, ""height"": 0.22084070796460187, ""label"": ""Would"", ""shape"": ""rectangle""}]",700,452,0.6457142857142857,"Will
vs
Would",Data-sets/En\c21.jpg
c22.jpg,"[{""left"": 0.11263333333333334, ""top"": 0.060972477064220175, ""width"": 0.6929, ""height"": 0.3921651376146789, ""label"": ""LEARN ENGLISH"", ""shape"": ""rectangle""}, {""left"": 0.005016666666666667, ""top"": 0.26365137614678896, ""width"": 0.9865333333333333, ""height"": 0.4775963302752294, ""label"": ""ENGLISH"", ""shape"": ""rectangle""}, {""left"": 0.20513333333333333, ""top"": 0.5464036697247707, ""width"": 0.6825000000000001, ""height"": 0.37968807339449545, ""label"": ""ENGLISH IS FUN"", ""shape"": ""rectangle""}]",600,545,0.9083333333333333,"LEARN ENGLISH
ENGLISH
ENGLISH IS FUN",Data-sets/En\c22.jpg
c25.jpg,"[{""left"": 0.317027027027027, ""top"": 0.83912, ""width"": 0.3460540540540541, ""height"": 0.10748000000000002, ""label"": ""COAT"", ""shape"": ""rectangle""}]",185,250,1.3513513513513513,COAT,Data-sets/En\c25.jpg
c27.jpg,"[{""left"": 0.37805468750000004, ""top"": 0.19631944444444444, ""width"": 0.18533593749999996, ""height"": 0.1163888888888889, ""label"": ""to be"", ""shape"": ""rectangle""}, {""left"": 0.4475546875, ""top"": 0.6171249999999999, ""width"": 0.0705078125, ""height"": 0.13788888888888892, ""label"": ""is"", ""shape"": ""rectangle""}, {""left"": 0.7284765625, ""top"": 0.6439861111111111, ""width"": 0.14010937499999992, ""height"": 0.11818055555555552, ""label"": ""are"", ""shape"": ""rectangle""}, {""left"": 0.08887500000000001, ""top"": 0.6457777777777778, ""width"": 0.12903125000000001, ""height"": 0.11280555555555552, ""label"": ""am"", ""shape"": ""rectangle""}]",1280,720,0.5625,"to be
is
are
am",Data-sets/En\c27.jpg
c28.jpg,"[{""left"": 0.1415126050420168, ""top"": 0.35559574468085103, ""width"": 0.7223214285714286, ""height"": 0.2884255319148936, ""label"": ""auto.ru"", ""shape"": ""rectangle""}]",952,470,0.49369747899159666,auto.ru,Data-sets/En\c28.jpg
c29.jpg,"[{""left"": 0.34380664652567977, ""top"": 0.2912, ""width"": 0.5777794561933535, ""height"": 0.06983333333333334, ""label"": ""YOU CAN EVERYTHING."", ""shape"": ""rectangle""}, {""left"": 0.5320694864048339, ""top"": 0.3789416666666667, ""width"": 0.30512084592145017, ""height"": 0.06446666666666667, ""label"": ""JUST DO IT."", ""shape"": ""rectangle""}]",662,1200,1.8126888217522659,"YOU CAN EVERYTHING.
JUST DO IT.",Data-sets/En\c29.jpg
c3.jpg,"[{""left"": 0.349, ""top"": 0.0745, ""width"": 0.28761250000000005, ""height"": 0.413025, ""label"": ""NO"", ""shape"": ""rectangle""}, {""left"": 0.051025, ""top"": 0.5177, ""width"": 0.888275, ""height"": 0.41302500000000003, ""label"": ""PARKING"", ""shape"": ""rectangle""}]",800,400,0.5,"NO
PARKING",Data-sets/En\c3.jpg
c30.jpg,"[{""left"": 0.13976, ""top"": 0.4200599700149925, ""width"": 0.7134399999999999, ""height"": 0.08774362818590702, ""label"": ""YOU THINK BIG"", ""shape"": ""rectangle""}, {""left"": 0.21054666666666666, ""top"": 0.5073013493253373, ""width"": 0.5788, ""height"": 0.07761619190404795, ""label"": ""YOU GET BIG"", ""shape"": ""rectangle""}, {""left"": 0.34064, ""top"": 0.9625787106446776, ""width"": 0.32392000000000004, ""height"": 0.022391304347826175, ""label"": ""M E D A H U G H E S"", ""shape"": ""rectangle""}]",750,1334,1.7786666666666666,"YOU THINK BIG
YOU GET BIG
M E D A H U G H E S",Data-sets/En\c30.jpg
c31.jpg,"[{""left"": 0.19593220338983053, ""top"": 0.27290960451977403, ""width"": 0.6025, ""height"": 0.0709322033898305, ""label"": ""YOU WERE"", ""shape"": ""rectangle""}, {""left"": 0.23491525423728812, ""top"": 0.3668361581920904, ""width"": 0.5035593220338983, ""height"": 0.0719209039548022, ""label"": ""BORN TO"", ""shape"": ""rectangle""}, {""left"": 0.2708898305084746, ""top"": 0.4567514124293785, ""width"": 0.4661016949152542, ""height"": 0.07194915254237289, ""label"": ""BE REAL,"", ""shape"": ""rectangle""}, {""left"": 0.2858474576271186, ""top"": 0.5466101694915254, ""width"": 0.42728813559322043, ""height"": 0.06499999999999997, ""label"": ""NOT TO"", ""shape"": ""rectangle""}, {""left"": 0.1674576271186441, ""top"": 0.630593220338983, ""width"": 0.6759322033898304, ""height"": 0.07395480225988703, ""label"": ""BE PERFECT."", ""shape"": ""rectangle""}]",236,354,1.5,"YOU WERE
BORN TO
BE REAL,
NOT TO
BE PERFECT.",Data-sets/En\c31.jpg
c32.jpg,"[{""left"": 0.14402892561983469, ""top"": 0.2155153949129853, ""width"": 0.692396694214876, ""height"": 0.225809906291834, ""label"": ""DO"", ""shape"": ""rectangle""}, {""left"": 0.3275413223140496, ""top"": 0.4573092369477912, ""width"": 0.34851239669421485, ""height"": 0.06795180722891565, ""label"": ""what"", ""shape"": ""rectangle""}, {""left"": 0.14555785123966944, ""top"": 0.5382463186077644, ""width"": 0.7078305785123967, ""height"": 0.1658634538152611, ""label"": ""YOU"", ""shape"": ""rectangle""}, {""left"": 0.3599173553719008, ""top"": 0.7160910307898259, ""width"": 0.28683884297520656, ""height"": 0.07194109772423027, ""label"": ""love"", ""shape"": ""rectangle""}]",484,747,1.5433884297520661,"DO
what
YOU
love",Data-sets/En\c32.jpg
c33.jpg,"[{""left"": 0.20251054852320674, ""top"": 0.28095588235294117, ""width"": 0.5825316455696202, ""height"": 0.2707720588235294, ""label"": ""SMILE"", ""shape"": ""rectangle""}, {""left"": 0.17670886075949369, ""top"": 0.5627205882352941, ""width"": 0.6473206751054852, ""height"": 0.13488970588235294, ""label"": ""Why? Because you can."", ""shape"": ""rectangle""}]",474,272,0.5738396624472574,"SMILE
Why? Because you can.",Data-sets/En\c33.jpg
c34.jpg,"[{""left"": 0.0659567387687188, ""top"": 0.4852620545073375, ""width"": 0.4551747088186356, ""height"": 0.10890985324947593, ""label"": ""STRESSED,"", ""shape"": ""rectangle""}, {""left"": 0.06833610648918469, ""top"": 0.6181551362683438, ""width"": 0.4995840266222962, ""height"": 0.1118867924528302, ""label"": ""DEPRESSED,"", ""shape"": ""rectangle""}, {""left"": 0.0643594009983361, ""top"": 0.7899999999999999, ""width"": 0.8627953410981698, ""height"": 0.11591194968553463, ""label"": ""BUT WELL DRESSED."", ""shape"": ""rectangle""}]",601,477,0.7936772046589018,"STRESSED,
DEPRESSED,
BUT WELL DRESSED.",Data-sets/En\c34.jpg
c35.jpg,"[{""left"": 0.2983474576271186, ""top"": 0.2998305084745763, ""width"": 0.40266949152542375, ""height"": 0.16597457627118645, ""label"": ""LEARN"", ""shape"": ""rectangle""}, {""left"": 0.30233050847457626, ""top"": 0.5636440677966102, ""width"": 0.3816949152542373, ""height"": 0.15894067796610165, ""label"": ""ENGLISH"", ""shape"": ""rectangle""}]",236,236,1.0,"LEARN
ENGLISH",Data-sets/En\c35.jpg
c4.jpg,"[{""left"": 0.45595419847328245, ""top"": 0.14297752808988765, ""width"": 0.34011450381679387, ""height"": 0.22893258426966293, ""label"": ""ENGLISH"", ""shape"": ""rectangle""}]",262,178,0.6793893129770993,ENGLISH,Data-sets/En\c4.jpg
c5.jpg,"[{""left"": 0.255925, ""top"": 0.44571808510638294, ""width"": 0.5334749999999999, ""height"": 0.1729521276595745, ""label"": ""ENGLISH"", ""shape"": ""rectangle""}, {""left"": 0.3799, ""top"": 0.6306648936170213, ""width"": 0.2911583333333333, ""height"": 0.1638652482269504, ""label"": ""TIME"", ""shape"": ""rectangle""}, {""left"": 0.2944333333333333, ""top"": 0.7825354609929078, ""width"": 0.3728666666666667, ""height"": 0.11690602836879432, ""label"": ""team"", ""shape"": ""rectangle""}]",1200,1128,0.94,"ENGLISH
TIME
team",Data-sets/En\c5.jpg
c6.jpg,"[{""left"": 0.143740234375, ""top"": 0.7974826388888889, ""width"": 0.078681640625, ""height"": 0.08092013888888881, ""label"": ""POUT"", ""shape"": ""rectangle""}, {""left"": 0.44498046875, ""top"": 0.7984722222222222, ""width"": 0.10903320312499992, ""height"": 0.07793402777777775, ""label"": ""FROWN"", ""shape"": ""rectangle""}, {""left"": 0.75859375, ""top"": 0.7994791666666666, ""width"": 0.10903320312500009, ""height"": 0.07593750000000002, ""label"": ""SQUINT"", ""shape"": ""rectangle""}]",1024,576,0.5625,"POUT
FROWN
SQUINT",Data-sets/En\c6.jpg
c7.jpg,"[{""left"": 0.133056640625, ""top"": 0.7844791666666667, ""width"": 0.09385742187500001, ""height"": 0.0749479166666666, ""label"": ""SMILE"", ""shape"": ""rectangle""}, {""left"": 0.46521484375, ""top"": 0.7844791666666667, ""width"": 0.07250000000000001, ""height"": 0.07994791666666669, ""label"": ""GRIN"", ""shape"": ""rectangle""}, {""left"": 0.772646484375, ""top"": 0.7874826388888888, ""width"": 0.09610351562499997, ""height"": 0.07394097222222228, ""label"": ""SMIRK"", ""shape"": ""rectangle""}]",1024,576,0.5625,"SMILE
GRIN
SMIRK",Data-sets/En\c7.jpg
c8.jpg,"[{""left"": 0.13755859375, ""top"": 0.7854861111111111, ""width"": 0.0826171875, ""height"": 0.07593750000000002, ""label"": ""WINK"", ""shape"": ""rectangle""}, {""left"": 0.45791015625, ""top"": 0.7874826388888888, ""width"": 0.09722656250000006, ""height"": 0.07194444444444444, ""label"": ""STARE"", ""shape"": ""rectangle""}, {""left"": 0.705205078125, ""top"": 0.7874826388888888, ""width"": 0.24111328124999998, ""height"": 0.07593750000000002, ""label"": ""ROLL YOUR EYES"", ""shape"": ""rectangle""}]",1024,576,0.5625,"WINK
STARE
ROLL YOUR EYES",Data-sets/En\c8.jpg
c9.jpg,"[{""left"": 0.7142730720606827, ""top"": 0.252890625, ""width"": 0.1965992414664981, ""height"": 0.07803710937500002, ""label"": ""happy"", ""shape"": ""rectangle""}, {""left"": 0.4361694058154235, ""top"": 0.25888671875, ""width"": 0.13064475347661192, ""height"": 0.055058593749999996, ""label"": ""sad"", ""shape"": ""rectangle""}, {""left"": 0.09469026548672567, ""top"": 0.271875, ""width"": 0.17720606826801516, ""height"": 0.055058593749999996, ""label"": ""angry"", ""shape"": ""rectangle""}, {""left"": 0.42711757269279393, ""top"": 0.571630859375, ""width"": 0.14615676359039184, ""height"": 0.06404296874999993, ""label"": ""tired"", ""shape"": ""rectangle""}, {""left"": 0.7000379266750948, ""top"": 0.573623046875, ""width"": 0.22895069532237677, ""height"": 0.06105468749999998, ""label"": ""worried"", ""shape"": ""rectangle""}, {""left"": 0.13737041719342605, ""top"": 0.575625, ""width"": 0.09830594184576484, ""height"": 0.066044921875, ""label"": ""silly"", ""shape"": ""rectangle""}, {""left"": 0.3963084702907712, ""top"": 0.888603515625, ""width"": 0.21017699115044247, ""height"": 0.06476562500000005, ""label"": ""scared"", ""shape"": ""rectangle""}, {""left"": 0.709329962073325, ""top"": 0.889462890625, ""width"": 0.22022756005056882, ""height"": 0.07253906250000008, ""label"": ""cranky"", ""shape"": ""rectangle""}, {""left"": 0.04677623261694058, ""top"": 0.8924609375, ""width"": 0.27556257901390646, ""height"": 0.07393554687500004, ""label"": ""surprised"", ""shape"": ""rectangle""}]",791,1024,1.2945638432364097,"happy
sad
angry
tired
worried
silly
scared
cranky
surprised",Data-sets/En\c9.jpg
23.jpg,"[{""left"": 0.29273529411764704, ""top"": 0.1637037037037037, ""width"": 0.42450000000000004, ""height"": 0.2847777777777778, ""label"": ""BOY"", ""shape"": ""rectangle""}, {""left"": 0.29114705882352937, ""top"": 0.4633703703703704, ""width"": 0.38641176470588234, ""height"": 0.104, ""label"": ""LONDON"", ""shape"": ""rectangle""}]",340,270,0.7941176470588235,"BOY
LONDON",Data-sets/En\23.jpg
24.jpg,"[{""left"": 0.3149411764705882, ""top"": 0.23262962962962963, ""width"": 0.43641176470588233, ""height"": 0.24981481481481477, ""label"": ""BEST."", ""shape"": ""rectangle""}, {""left"": 0.31573529411764706, ""top"": 0.4854444444444444, ""width"": 0.36976470588235294, ""height"": 0.2367777777777778, ""label"": ""DAD."", ""shape"": ""rectangle""}, {""left"": 0.3165294117647059, ""top"": 0.7232222222222222, ""width"": 0.4395882352941176, ""height"": 0.2338148148148147, ""label"": ""EVER."", ""shape"": ""rectangle""}]",340,270,0.7941176470588235,"BEST.
DAD.
EVER.",Data-sets/En\24.jpg
25.jpg,"[{""left"": 0.386220703125, ""top"": 0.06311444652908067, ""width"": 0.2273046875, ""height"": 0.07288930581613508, ""label"": ""fluentexpress"", ""shape"": ""rectangle""}, {""left"": 0.4521484375, ""top"": 0.21782363977485927, ""width"": 0.146484375, ""height"": 0.1071294559099437, ""label"": ""poor"", ""shape"": ""rectangle""}, {""left"": 0.1166796875, ""top"": 0.31894934333958724, ""width"": 0.76900390625, ""height"": 0.14870544090056284, ""label"": ""Get your bad English"", ""shape"": ""rectangle""}, {""left"": 0.116826171875, ""top"": 0.5483302063789869, ""width"": 0.78451171875, ""height"": 0.1527954971857411, ""label"": ""checked fastly quickly"", ""shape"": ""rectangle""}, {""left"": 0.119990234375, ""top"": 0.7849718574108818, ""width"": 0.733466796875, ""height"": 0.1617448405253284, ""label"": ""by a real man person"", ""shape"": ""rectangle""}]",1024,533,0.5205078125,"fluentexpress
poor
Get your bad English
checked fastly quickly
by a real man person",Data-sets/En\25.jpg
26.jpg,"[{""left"": 0.060485981308411214, ""top"": 0.07416309012875537, ""width"": 0.34332710280373835, ""height"": 0.041072961373390546, ""label"": ""Hello, it's Sergey"", ""shape"": ""rectangle""}, {""left"": 0.0630841121495327, ""top"": 0.12022889842632332, ""width"": 0.861607476635514, ""height"": 0.040958512160228895, ""label"": ""I was wondering if after all our fights you'd"", ""shape"": ""rectangle""}, {""left"": 0.060485981308411214, ""top"": 0.16419170243204578, ""width"": 0.2493271028037383, ""height"": 0.043962804005722465, ""label"": ""like to meet"", ""shape"": ""rectangle""}, {""left"": 0.0630841121495327, ""top"": 0.21015736766809728, ""width"": 0.5665607476635515, ""height"": 0.0459513590844063, ""label"": ""To forget all that was wrong"", ""shape"": ""rectangle""}, {""left"": 0.06439252336448599, ""top"": 0.25610872675250357, ""width"": 0.5156448598130842, ""height"": 0.042961373390557944, ""label"": ""Live together in the Trird"", ""shape"": ""rectangle""}, {""left"": 0.060485981308411214, ""top"": 0.2990701001430615, ""width"": 0.5352336448598131, ""height"": 0.04896995708154505, ""label"": ""That's why I sing this song"", ""shape"": ""rectangle""}, {""left"": 0.0630841121495327, ""top"": 0.34904148783977107, ""width"": 0.48693457943925234, ""height"": 0.03995708154506443, ""label"": ""Hello, can you hear me?"", ""shape"": ""rectangle""}, {""left"": 0.06557009345794393, ""top"": 0.3924034334763949, ""width"": 0.7780373831775701, ""height"": 0.0459513590844063, ""label"": ""I'm in Sosnovoya, I am dreaming about"", ""shape"": ""rectangle""}, {""left"": 0.0668785046728972, ""top"": 0.4403576537911302, ""width"": 0.3511588785046729, ""height"": 0.04097281831187408, ""label"": ""how it used to be"", ""shape"": ""rectangle""}, {""left"": 0.06295327102803738, ""top"": 0.4883118741058655, ""width"": 0.8145981308411215, ""height"": 0.038969957081545076, ""label"": ""When we were together, when we were"", ""shape"": ""rectangle""}, {""left"": 0.0668785046728972, ""top"": 0.534277539341917, ""width"": 0.08224299065420561, ""height"": 0.032975679542203165, ""label"": ""free"", ""shape"": ""rectangle""}, {""left"": 0.0616448598130841, ""top"": 0.579241773962804, ""width"": 0.7662990654205607, ""height"": 0.038969957081545076, ""label"": ""I remember how I felt when you were"", ""shape"": ""rectangle""}, {""left"": 0.059046728971962614, ""top"": 0.62620886981402, ""width"": 0.27805607476635513, ""height"": 0.03496423462088698, ""label"": ""smiling at me"", ""shape"": ""rectangle""}, {""left"": 0.06426168224299066, ""top"": 0.669170243204578, ""width"": 0.689196261682243, ""height"": 0.041959942775393395, ""label"": ""There is no difference between us"", ""shape"": ""rectangle""}, {""left"": 0.06426168224299066, ""top"": 0.7181258941344779, ""width"": 0.7689158878504673, ""height"": 0.040958512160228895, ""label"": ""There's just misunderstanding and lies"", ""shape"": ""rectangle""}, {""left"": 0.06426168224299066, ""top"": 0.7610872675250357, ""width"": 0.510429906542056, ""height"": 0.04195994277539348, ""label"": ""Hello from the other side"", ""shape"": ""rectangle""}, {""left"": 0.0616448598130841, ""top"": 0.8040486409155937, ""width"": 0.6749158878504673, ""height"": 0.04297567954220326, ""label"": ""I must've called a thousand times"", ""shape"": ""rectangle""}, {""left"": 0.06226168224299066, ""top"": 0.853175965665236, ""width"": 0.6363364485981309, ""height"": 0.04317596566523598, ""label"": ""To tell you: \""Nastya, I'm sorry!\"""", ""shape"": ""rectangle""}]",535,699,1.3065420560747663,"Hello, it's Sergey
I was wondering if after all our fights you'd
like to meet
To forget all that was wrong
Live together in the Trird
That's why I sing this song
Hello, can you hear me?
I'm in Sosnovoya, I am dreaming about
how it used to be
When we were together, when we were
free
I remember how I felt when you were
smiling at me
There is no difference between us
There's just misunderstanding and lies
Hello from the other side
I must've called a thousand times
To tell you: ""Nastya, I'm sorry!""",Data-sets/En\26.jpg
